<?xml version="1.0" encoding="UTF-8"?>
<beans xmlns="http://www.springframework.org/schema/beans"
	xmlns:xsi="http://www.w3.org/2001/XMLSchema-instance"
	xmlns:context="http://www.springframework.org/schema/context"
	xsi:schemaLocation="http://www.springframework.org/schema/beans http://www.springframework.org/schema/beans/spring-beans.xsd
		http://www.springframework.org/schema/context http://www.springframework.org/schema/context/spring-context-4.3.xsd">
	<context:annotation-config></context:annotation-config>
	<bean id="emp" class="com.cg.spring.core.Employee"
		init-method="init" destroy-method="destroyBean">
		<constructor-arg name="id" value="123" />
		<constructor-arg name="name" value="suji"></constructor-arg>
		<constructor-arg name="salary" value="554"></constructor-arg>
	</bean>

	<bean id="m" class="com.cg.spring.core.Manager">
		<constructor-arg name="deptno" value="2011" />
		<constructor-arg name="name" value="sushanth"></constructor-arg>
		<constructor-arg name="code" value="120141"></constructor-arg>
	</bean>
	<bean id="c" class="com.cg.spring.core.beans.Customer" >
		<property name="firstname" value="Suji"></property>
		<property name="lastname" value="Chowdhary"></property>
      <property name ="list">
      <list>
      <ref bean="addr"/>
      </list>
      
      </property>
      
      
      <property name ="set">
      <set>
      <value>Hyderabad</value>
      <value>Telangana</value>
      </set> 
      </property>
 
 <property name ="map">
      <map>
      <entry key="1" value-ref="addr"></entry>
      <entry key="2" value-ref="addr2"></entry>
     </map> 
      </property>
      
</bean>


	<bean id="addr" class="com.cg.spring.core.beans.Address">
		<constructor-arg name="city" value="khammam"></constructor-arg>
		<constructor-arg name="state" value="Telangana"></constructor-arg>
	</bean>
	
	
	
	<bean id="addr2" class="com.cg.spring.core.beans.Address">
		<constructor-arg name="city" value="Vizag"></constructor-arg>
		<constructor-arg name="state" value="Andhra Pradesh"></constructor-arg>
	</bean>	
	
	
</beans>